,rank,release_date,title,url,production_cost,domestic_gross,worldwide_gross,opening_weekend,mpaa,genre,theaters,runtime,year
0,1,4/23/2019,Avengers: Endgame,/movie/Avengers-Endgame-(2019)#tab=summary,400000000,858373000,2797800564,357115007.0,PG-13,Action,4662.0,181.0,2019.0
1,2,5/20/2011,Pirates of the Caribbean: On Stranger Tides,/movie/Pirates-of-the-Caribbean-On-Stranger-Tides#tab=summary,379000000,241071802,1045713802,90151958.0,PG-13,Adventure,4164.0,136.0,2011.0
2,3,4/22/2015,Avengers: Age of Ultron,/movie/Avengers-Age-of-Ultron#tab=summary,365000000,459005868,1395316979,191271109.0,PG-13,Action,4276.0,141.0,2015.0
3,4,12/16/2015,Star Wars Ep. VII: The Force Awakens,/movie/Star-Wars-Ep-VII-The-Force-Awakens#tab=summary,306000000,936662225,2064615817,247966675.0,PG-13,Adventure,4134.0,136.0,2015.0
4,5,4/25/2018,Avengers: Infinity War,/movie/Avengers-Infinity-War#tab=summary,300000000,678815482,2048359754,257698183.0,PG-13,Action,4474.0,156.0,2018.0
5,6,5/24/2007,Pirates of the Caribbean: At World’s End,/movie/Pirates-of-the-Caribbean-At-Worlds-End#tab=summary,300000000,309420425,960996492,114732820.0,PG-13,Adventure,4362.0,167.0,2007.0
6,7,11/13/2017,Justice League,/movie/Justice-League-(2017)#tab=summary,300000000,229024295,655945209,93842239.0,PG-13,Action,4051.0,121.0,2017.0
7,8,10/6/2015,Spectre,/movie/Spectre#tab=summary,300000000,200074175,879500760,70403148.0,PG-13,Action,3929.0,148.0,2015.0
9,10,12/18/2019,Star Wars: The Rise of Skywalker,/movie/Star-Wars-The-Rise-of-Skywalker-(2019)#tab=summary,275000000,515202542,1072848487,177383864.0,PG-13,Adventure,4406.0,142.0,2019.0
10,11,5/23/2018,Solo: A Star Wars Story,/movie/Solo-A-Star-Wars-Story#tab=summary,275000000,213767512,393151347,84420489.0,PG-13,Adventure,4381.0,135.0,2018.0
11,12,3/7/2012,John Carter,/movie/John-Carter-of-Mars#tab=summary,263700000,73058679,282778100,30180188.0,PG-13,Adventure,3749.0,132.0,2012.0
12,13,3/23/2016,Batman v Superman: Dawn of Justice,/movie/Batman-v-Superman-Dawn-of-Justice#tab=summary,263000000,330360194,872395091,166007347.0,PG-13,Action,4256.0,151.0,2016.0
13,14,12/13/2017,Star Wars Ep. VIII: The Last Jedi,/movie/Star-Wars-Ep-VIII-The-Last-Jedi#tab=summary,262000000,620181382,1331635141,220009584.0,PG-13,Adventure,4232.0,150.0,2017.0
14,15,7/11/2019,The Lion King,/movie/Lion-King-The-(Live-Action)-(2019)#tab=summary,260000000,543638043,1647778651,191770759.0,PG,Adventure,4802.0,118.0,2019.0
15,16,11/24/2010,Tangled,/movie/Tangled#tab=summary,260000000,200821936,583777242,48767052.0,PG,Musical,3603.0,101.0,2010.0
16,17,5/4/2007,Spider-Man 3,/movie/Spider-Man-3#tab=summary,258000000,336530303,894860230,151116516.0,PG-13,Adventure,4324.0,139.0,2007.0
17,18,4/22/2016,Captain America: Civil War,/movie/Captain-America-Civil-War#tab=summary,250000000,408084349,1151918521,179139142.0,PG-13,Action,4226.0,146.0,2016.0
18,19,7/1/2022,Thor: Love and Thunder,/movie/Thor-Love-and-Thunder-(2022)#tab=summary,250000000,343256830,745453552,144165107.0,PG-13,Action,4375.0,119.0,2022.0
19,20,7/15/2009,Harry Potter and the Half-Blood Prince,/movie/Harry-Potter-and-the-Half-Blood-Prince#tab=summary,250000000,302089278,929411069,77835727.0,PG,Adventure,4455.0,153.0,2009.0
20,21,12/12/2013,The Hobbit: The Desolation of Smaug,/movie/Hobbit-The-Desolation-of-Smaug-The#tab=summary,250000000,258241522,959358436,73645197.0,PG-13,Adventure,3928.0,201.0,2013.0
21,22,12/10/2014,The Hobbit: The Battle of the Five Armies,/movie/Hobbit-The-Battle-of-the-Five-Armies-The#tab=summary,250000000,255119788,940389558,54724334.0,PG-13,Adventure,3875.0,144.0,2014.0
22,23,4/7/2017,The Fate of the Furious,/movie/Fate-of-the-Furious-The#tab=summary,250000000,225764765,1236703796,98786705.0,PG-13,Action,4329.0,136.0,2017.0
24,25,12/17/2009,Avatar,/movie/Avatar#tab=summary,237000000,785221649,2910370905,77025481.0,PG-13,Action,3461.0,162.0,2009.0
25,26,6/28/2006,Superman Returns,/movie/Superman-Returns#tab=summary,232000000,200120000,391081192,52535096.0,PG-13,Adventure,4065.0,150.0,2006.0
26,27,7/19/2012,The Dark Knight Rises,/movie/Dark-Knight-Rises-The#tab=summary,230000000,448139099,1082228107,160887295.0,PG-13,Action,4404.0,164.0,2012.0
27,28,5/23/2017,Pirates of the Caribbean: Dead Men Tell No Tales,/movie/Pirates-of-the-Caribbean-Dead-Men-Tell-No-Tales#tab=summary,230000000,172558876,794861794,62983253.0,PG-13,Adventure,4276.0,135.0,2017.0
28,29,11/14/2008,Quantum of Solace,/movie/Quantum-of-Solace#tab=summary,230000000,169368427,591692078,67528882.0,PG-13,Action,3501.0,106.0,2008.0
29,30,4/25/2012,The Avengers,/movie/Avengers-The-(2012)#tab=summary,225000000,623357910,1515100211,207438708.0,PG-13,Action,4349.0,143.0,2012.0
30,31,7/6/2006,Pirates of the Caribbean: Dead Man’s Chest,/movie/Pirates-of-the-Caribbean-Dead-Mans-Chest#tab=summary,225000000,423315812,1066179725,135634554.0,PG-13,Adventure,4133.0,151.0,2006.0
31,32,6/14/2013,Man of Steel,/movie/Man-of-Steel#tab=summary,225000000,291045518,667999518,116619362.0,PG-13,Action,4207.0,142.0,2013.0
32,33,5/16/2008,The Chronicles of Narnia: Prince Caspian,/movie/Chronicles-of-Narnia-Prince-Caspian-The#tab=summary,225000000,141621490,417341288,55034805.0,PG,Adventure,3929.0,144.0,2008.0
33,34,7/2/2013,The Lone Ranger,/movie/Lone-Ranger-The#tab=summary,225000000,89302115,260002115,29210849.0,PG-13,Western,3904.0,149.0,2013.0
34,35,6/27/2012,The Amazing Spider-Man,/movie/Amazing-Spider-Man-The#tab=summary,220000000,262030663,757890267,62004688.0,PG-13,Adventure,4318.0,136.0,2012.0
35,36,4/11/2012,Battleship,/movie/Battleship#tab=summary,220000000,65233400,313477717,25534825.0,PG-13,Action,3702.0,130.0,2012.0
36,37,6/20/2017,Transformers: The Last Knight,/movie/Transformers-The-Last-Knight#tab=summary,217000000,130168683,602893340,44680073.0,PG-13,Action,4132.0,148.0,2017.0
37,38,6/9/2015,Jurassic World,/movie/Jurassic-World#tab=summary,215000000,652306625,1669979967,208806270.0,PG-13,Action,4291.0,124.0,2015.0
38,39,5/23/2012,Men in Black 3,/movie/Men-in-Black-3#tab=summary,215000000,179020854,654213485,54592779.0,PG-13,Adventure,4248.0,104.0,2012.0
39,40,6/24/2009,Transformers: Revenge of the Fallen,/movie/Transformers-Revenge-of-the-Fallen#tab=summary,210000000,402111870,836519699,108966307.0,PG-13,Action,4293.0,149.0,2009.0
40,41,6/25/2014,Transformers: Age of Extinction,/movie/Transformers-Age-of-Extinction#tab=summary,210000000,245439076,1104054072,100038390.0,PG-13,Action,4233.0,165.0,2014.0
41,42,5/26/2006,X-Men: The Last Stand,/movie/X-Men-The-Last-Stand#tab=summary,210000000,234362462,459260946,102750665.0,PG-13,Action,3714.0,104.0,2006.0
43,44,12/14/2005,King Kong,/movie/King-Kong-(2005)#tab=summary,207000000,218080025,550517357,50130145.0,PG-13,Adventure,3627.0,189.0,2005.0
44,45,12/7/2007,The Golden Compass,/movie/His-Dark-Materials-The-Golden-Compass#tab=summary,205000000,70107728,367262558,25783232.0,PG-13,Adventure,3528.0,113.0,2007.0
45,46,8/26/2020,Tenet,/movie/Tenet-(2020)#tab=summary,205000000,58504105,362450957,20001852.0,PG-13,Action,2930.0,110.0,2020.0
46,47,12/14/2021,Spider-Man: No Way Home,/movie/Spider-Man-No-Way-Home-(2021)#tab=summary,200000000,814108407,1912775610,260138569.0,PG-13,Action,4336.0,148.0,2021.0
47,48,2/13/2018,Black Panther,/movie/Black-Panther#tab=summary,200000000,700059566,1336494321,202003951.0,PG-13,Action,4084.0,120.0,2018.0
48,49,12/18/1997,Titanic,/movie/Titanic-(1997)#tab=summary,200000000,659363944,2207986545,28638131.0,PG-13,Drama,3265.0,194.0,1997.0
49,50,6/15/2018,Incredibles 2,/movie/Incredibles-2#tab=summary,200000000,608581744,1242805359,182687905.0,PG,Adventure,4413.0,118.0,2018.0
50,51,12/14/2016,Rogue One: A Star Wars Story,/movie/Rogue-One-A-Star-Wars-Story#tab=summary,200000000,533539991,1055083596,155081681.0,PG-13,Adventure,4157.0,134.0,2016.0
51,52,6/16/2016,Finding Dory,/movie/Finding-Dory#tab=summary,200000000,486295561,1025006125,135060273.0,PG,Adventure,4305.0,103.0,2016.0
52,53,6/20/2019,Toy Story 4,/movie/Toy-Story-4-(2019)#tab=summary,200000000,434038008,1073080329,120908065.0,G,Adventure,4575.0,89.0,2019.0
53,54,6/18/2010,Toy Story 3,/movie/Toy-Story-3#tab=summary,200000000,415004880,1068879522,110307189.0,G,Adventure,4028.0,102.0,2010.0
54,55,5/4/2022,Doctor Strange in the Multiverse of Madness,/movie/Doctor-Strange-in-the-Multiverse-of-Madness-(2022)#tab=summary,200000000,411331607,952224986,187420998.0,PG-13,Action,4534.0,126.0,2022.0
55,56,4/24/2013,Iron Man 3,/movie/Iron-Man-3#tab=summary,200000000,408992272,1215392272,174144585.0,PG-13,Action,4253.0,130.0,2013.0
56,57,4/28/2017,Guardians of the Galaxy Vol 2,/movie/Guardians-of-the-Galaxy-Vol-2#tab=summary,200000000,389813101,869113101,146510104.0,PG-13,Action,4347.0,136.0,2017.0
57,58,6/30/2004,Spider-Man 2,/movie/Spider-Man-2#tab=summary,200000000,373524485,794697557,88156227.0,PG-13,Adventure,4166.0,127.0,2004.0
58,59,3/1/2022,The Batman,/movie/Batman-The-(2021)#tab=summary,200000000,369345583,767820302,134008624.0,PG-13,Action,4417.0,175.0,2022.0
59,60,3/4/2010,Alice in Wonderland,/movie/Alice-in-Wonderland-(2010)#tab=summary,200000000,334191110,1025491110,116101023.0,PG,Adventure,3739.0,108.0,2010.0
60,61,10/26/2012,Skyfall,/movie/Skyfall#tab=summary,200000000,304360277,1110526981,88364714.0,PG-13,Action,3526.0,143.0,2012.0
61,62,12/11/2012,The Hobbit: An Unexpected Journey,/movie/Hobbit-An-Unexpected-Journey-The#tab=summary,200000000,303003568,1014938545,84617303.0,PG-13,Adventure,4100.0,169.0,2012.0
62,63,6/21/2013,Monsters University,/movie/Monsters-University#tab=summary,200000000,268488329,743455810,82429469.0,G,Adventure,4004.0,102.0,2013.0
63,64,3/8/2013,Oz the Great and Powerful,/movie/Oz-The-Great-and-Powerful#tab=summary,200000000,234770996,490359051,79110453.0,PG,Adventure,3912.0,130.0,2013.0
64,65,5/21/2014,X-Men: Days of Future Past,/movie/X-Men-Days-of-Future-Past#tab=summary,200000000,233921534,747862775,90823660.0,PG-13,Action,4001.0,131.0,2014.0
65,66,4/16/2014,The Amazing Spider-Man 2,/movie/Amazing-Spider-Man-2-The#tab=summary,200000000,202853933,708996336,91608337.0,PG-13,Action,4324.0,141.0,2014.0
66,67,6/23/2011,Cars 2,/movie/Cars-2#tab=summary,200000000,191450875,560155383,66135507.0,G,Adventure,4115.0,107.0,2011.0
67,68,7/7/2021,Black Widow,/movie/Black-Widow-(2021)#tab=summary,200000000,183651655,379751655,80366312.0,PG-13,Action,4275.0,133.0,2021.0
68,69,7/31/2019,Fast & Furious Presents: Hobbs & Shaw,/movie/Fast-and-Furious-Presents-Hobbs-and-Shaw-(2019)#tab=summary,200000000,173956935,760381706,60038950.0,PG-13,Action,4344.0,134.0,2019.0
69,70,5/20/2021,F9: The Fast Saga,/movie/F9-The-Fast-Saga-(2021)#tab=summary,200000000,173005945,721077945,70043165.0,PG-13,Action,4203.0,145.0,2021.0
70,43,5/14/2010,Robin Hood,/movie/Robin-Hood-(2010)#tab=summary,210000000,105487148,322459006,36063385.0,PG-13,Action,3505.0,139.0,2010.0
71,71,12/17/2010,Tron: Legacy,/movie/Tron-Legacy#tab=summary,200000000,172062763,399866199,44026211.0,PG,Adventure,3451.0,125.0,2010.0
73,73,11/3/2021,Eternals,/movie/Eternals-(2021)#tab=summary,200000000,164870264,402064929,71297219.0,PG-13,Action,4090.0,156.0,2021.0
74,74,11/14/2018,Fantastic Beasts: The Crimes of Grindelwald,/movie/Fantastic-Beasts-The-Crimes-of-Grindelwald-(2018)#tab=summary,200000000,159555901,648455339,62163104.0,PG-13,Adventure,4163.0,134.0,2018.0
75,75,5/21/2009,Terminator Salvation,/movie/Terminator-Salvation#tab=summary,200000000,125322469,365491792,42558390.0,PG-13,Action,3602.0,116.0,2009.0
76,76,6/15/2022,Lightyear,/movie/Lightyear-(2022)#tab=summary,200000000,118307188,218571346,50577961.0,PG,Adventure,4255.0,110.0,2022.0
77,77,7/28/2021,Jungle Cruise,/movie/Jungle-Cruise-(2021)#tab=summary,200000000,116987516,210384144,35018731.0,PG-13,Adventure,4310.0,90.0,2021.0
78,78,6/17/2011,Green Lantern,/movie/Green-Lantern-(2011)#tab=summary,200000000,116601172,219535492,53174303.0,PG-13,Action,3816.0,113.0,2011.0
80,80,5/28/2010,Prince of Persia: Sands of Time,/movie/Prince-of-Persia-Sands-of-Time#tab=summary,200000000,90759676,336359676,30095259.0,PG-13,Action,3646.0,115.0,2010.0
81,81,6/5/2019,Dark Phoenix,/movie/Dark-Phoenix-(2019)#tab=summary,200000000,65845974,246356895,32828348.0,PG-13,Action,3721.0,114.0,2019.0
82,82,2/28/2020,Onward,/movie/Onward-(2020)#tab=summary,200000000,61555145,133317030,39119861.0,PG,Adventure,4310.0,114.0,2020.0
83,83,12/16/2020,Wonder Woman 1984,/movie/Wonder-Woman-1984-(2020)#tab=summary,200000000,46801036,166360232,16701957.0,PG-13,Action,2218.0,151.0,2020.0
87,87,6/29/2011,Transformers: Dark of the Moon,/movie/Transformers-Dark-of-the-Moon-(2011)#tab=summary,195000000,352390543,1123794079,97852865.0,PG-13,Action,4107.0,154.0,2011.0
88,88,6/2/2017,The Mummy,/movie/Mummy-The-(2017)#tab=summary,195000000,80101125,409953905,31668375.0,PG-13,Adventure,4035.0,107.0,2017.0
89,89,2/27/2013,Jack the Giant Slayer,/movie/Jack-the-Giant-Slayer#tab=summary,195000000,65187603,197687603,27202226.0,PG-13,Adventure,3525.0,113.0,2013.0
90,90,4/1/2015,Furious 7,/movie/Furious-7#tab=summary,190000000,353007020,1514553486,147187040.0,PG-13,Action,4022.0,137.0,2015.0
91,91,5/16/2013,Star Trek Into Darkness,/movie/Star-Trek-Into-Darkness#tab=summary,190000000,228778661,467381584,70165559.0,PG-13,Adventure,3907.0,132.0,2013.0
92,92,6/19/2013,World War Z,/movie/World-War-Z#tab=summary,190000000,202706711,531861650,66411834.0,PG-13,Action,3607.0,115.0,2013.0
93,93,5/10/2013,The Great Gatsby,/movie/Great-Gatsby-The-(2011)#tab=summary,190000000,144840419,353640419,50085184.0,PG-13,Drama,3550.0,141.0,2013.0
94,94,11/6/2009,Disney’s A Christmas Carol,/movie/Disneys-A-Christmas-Carol#tab=summary,190000000,137855863,315709697,30051075.0,PG,Drama,3683.0,95.0,2009.0
95,95,7/11/2013,Pacific Rim,/movie/Pacific-Rim#tab=summary,190000000,101802906,411002906,37285325.0,PG-13,Action,3285.0,131.0,2013.0
96,96,12/16/2021,The Matrix Resurrections,/movie/Matrix-Resurrections-The-(2021)#tab=summary,190000000,37686805,156467817,10749011.0,R,Action,3552.0,148.0,2021.0
97,97,11/25/2015,The Good Dinosaur,/movie/Good-Dinosaur-The#tab=summary,187500000,123087120,333771037,39155217.0,PG,Adventure,3749.0,92.0,2015.0
98,98,5/2/2008,Iron Man,/movie/Iron-Man#tab=summary,186000000,318604126,585171547,102118668.0,PG-13,Adventure,4154.0,126.0,2008.0
99,99,7/11/2008,The Dark Knight,/movie/Dark-Knight-The#tab=summary,185000000,533720947,998615789,158411483.0,PG-13,Action,4366.0,152.0,2008.0
100,100,5/22/2008,Indiana Jones and the Kingdom of the Crystal Skull,/movie/Indiana-Jones-and-the-Kingdom-of-the-Crystal-Skull#tab=summary,185000000,317101119,786635413,100137835.0,PG-13,Adventure,4264.0,123.0,2008.0
101,101,6/21/2012,Brave,/movie/Brave#tab=summary,185000000,237282182,554606532,66323594.0,PG,Adventure,4164.0,93.0,2012.0
102,102,2/23/2017,Kong: Skull Island,/movie/Kong-Skull-Island#tab=summary,185000000,168052812,561072059,61025472.0,PG-13,Adventure,3846.0,118.0,2017.0
103,103,7/21/2016,Star Trek Beyond,/movie/Star-Trek-Beyond#tab=summary,185000000,158848340,335673708,59253211.0,PG-13,Adventure,3928.0,122.0,2016.0
104,104,10/17/2019,Maleficent: Mistress of Evil,/movie/Maleficent-Mistress-of-Evil-(2019)#tab=summary,185000000,113929605,489346495,36948713.0,PG,Adventure,3820.0,118.0,2019.0
105,105,9/29/2017,Blade Runner 2049,/movie/Blade-Runner-2049#tab=summary,185000000,92054159,258829058,32753122.0,R,Thriller/Suspense,4058.0,164.0,2017.0
106,106,10/25/2019,Terminator: Dark Fate,/movie/Terminator-Dark-Fate-(2019)#tab=summary,185000000,62253077,250372367,29033832.0,R,Action,4086.0,128.0,2019.0
107,107,7/28/2021,The Suicide Squad,/movie/Suicide-Squad-The-(2021)#tab=summary,185000000,55817425,167120232,26205415.0,R,Action,4019.0,132.0,2021.0
108,108,5/22/2019,Aladdin,/movie/Aladdin-(2019)#tab=summary,182000000,355559216,1046649706,91500929.0,PG,Adventure,4476.0,128.0,2019.0
109,109,10/25/2017,Thor: Ragnarok,/movie/Thor-Ragnarok#tab=summary,180000000,315058289,850482778,122744989.0,PG-13,Action,4080.0,130.0,2017.0
111,111,5/28/2014,Maleficent,/movie/Maleficent#tab=summary,180000000,241407328,758536735,69431298.0,PG,Adventure,3948.0,97.0,2014.0
112,112,11/14/2016,Fantastic Beasts and Where to Find Them,/movie/Fantastic-Beasts-and-Where-to-Find-Them#tab=summary,180000000,234037575,811724385,74403387.0,PG-13,Adventure,4144.0,133.0,2016.0
113,113,6/27/2008,WALL-E,/movie/WALL-E#tab=summary,180000000,223808164,532508025,63087526.0,G,Adventure,3992.0,100.0,2008.0
114,114,8/10/2007,Rush Hour 3,/movie/Rush-Hour-3#tab=summary,180000000,140125968,256585882,49100158.0,PG-13,Action,3778.0,91.0,2007.0
115,115,6/27/2016,The Legend of Tarzan,/movie/Legend-of-Tarzan-The#tab=summary,180000000,126643061,348902025,38527856.0,PG-13,Adventure,3591.0,110.0,2016.0
116,116,11/23/2011,Hugo,/movie/Hugo#tab=summary,180000000,73864507,180047784,11364505.0,PG,Adventure,2608.0,126.0,2011.0
117,117,7/20/2017,Valerian and the City of a Thousand Planets,/movie/Valerian-and-the-City-of-a-Thousand-Planets-(France)#tab=summary,180000000,40479370,215098356,17007624.0,PG-13,Adventure,3553.0,129.0,2017.0
118,118,2/6/2015,Jupiter Ascending,/movie/Jupiter-Ascending#tab=summary,179000000,47482519,181982519,18372372.0,PG-13,Action,3885.0,127.0,2015.0
119,119,7/16/2018,Mission: Impossible—Fallout,/movie/Mission-Impossible-Fallout#tab=summary,178000000,220159104,787176729,61236534.0,PG-13,Action,4395.0,147.0,2018.0
120,120,5/18/2016,X-Men: Apocalypse,/movie/X-Men-Apocalypse-(2016)#tab=summary,178000000,155442489,542537546,65769562.0,PG-13,Action,4153.0,136.0,2016.0
121,121,8/9/2018,The Meg,/movie/Meg-The#tab=summary,178000000,145443742,527370715,45402195.0,PG-13,Action,4118.0,113.0,2018.0
122,122,5/28/2014,Edge of Tomorrow,/movie/Edge-of-Tomorrow#tab=summary,178000000,100206256,367028980,28760246.0,PG-13,Action,3505.0,136.0,2014.0
123,123,3/6/2019,Captain Marvel,/movie/Captain-Marvel-(2019)#tab=summary,175000000,426829839,1129727388,153433423.0,PG-13,Action,4310.0,124.0,2019.0
124,124,4/7/2016,The Jungle Book,/movie/Jungle-Book-The-(2016)#tab=summary,175000000,364001123,953554418,103261464.0,PG,Adventure,4144.0,105.0,2016.0
125,125,6/12/2015,Inside Out,/movie/Inside-Out-(2015)#tab=summary,175000000,356461711,853003563,90440272.0,PG,Adventure,4158.0,95.0,2015.0
126,126,7/5/2017,Spider-Man: Homecoming,/movie/Spider-Man-Homecoming#tab=summary,175000000,334201140,878346440,117027503.0,PG-13,Action,4348.0,133.0,2017.0
127,127,8/2/2016,Suicide Squad,/movie/Suicide-Squad#tab=summary,175000000,325100054,745744980,133682248.0,PG-13,Action,4255.0,123.0,2016.0
128,128,5/28/2009,Up,/movie/Up#tab=summary,175000000,293004164,731463377,68108790.0,PG,Adventure,3886.0,89.0,2009.0
129,129,10/27/2017,Coco,/movie/Coco-(2017)#tab=summary,175000000,210460015,797666425,50802605.0,PG,Musical,3987.0,105.0,2017.0
130,130,11/21/2018,Ralph Breaks The Internet,/movie/Ralph-Breaks-The-Internet-(2018)#tab=summary,175000000,201091711,529290830,56237634.0,PG,Adventure,4017.0,112.0,2018.0
131,95,7/11/2013,Pacific Rim,/movie/Pacific-Rim#tab=summary,190000000,101802906,411002906,37285325.0,PG-13,Action,3285.0,131.0,2013.0
132,131,3/27/2009,Monsters vs. Aliens,/movie/Monsters-vs-Aliens#tab=summary,175000000,198351526,381687380,59321095.0,PG,Adventure,4136.0,95.0,2009.0
133,132,6/16/2017,Cars 3,/movie/Cars-3#tab=summary,175000000,152901115,383541369,53688680.0,G,Adventure,4256.0,109.0,2017.0
134,133,8/7/2009,G.I. Joe: The Rise of Cobra,/movie/GI-Joe-The-Rise-of-Cobra-(2009)#tab=summary,175000000,150201498,302469017,54713046.0,PG-13,Action,4007.0,118.0,2009.0
135,134,6/30/1999,Wild Wild West,/movie/Wild-Wild-West#tab=summary,175000000,113805681,221229335,27687484.0,PG-13,Adventure,3342.0,107.0,1999.0
136,135,8/1/2008,The Mummy: Tomb of the Dragon Emperor,/movie/Mummy-Tomb-of-the-Dragon-Emperor-The#tab=summary,175000000,102491776,405760225,40457770.0,PG-13,Adventure,3778.0,111.0,2008.0
137,136,6/22/2007,Evan Almighty,/movie/Evan-Almighty#tab=summary,175000000,100289690,174131329,31192615.0,PG,Comedy,3636.0,96.0,2007.0
138,137,7/28/1995,Waterworld,/movie/Waterworld#tab=summary,175000000,88246220,264246220,21171780.0,PG-13,Action,2420.0,135.0,1995.0
139,138,1/8/2020,Dolittle,/movie/Dolittle#tab=summary,175000000,77047065,251410631,21844045.0,PG,Adventure,4155.0,103.0,2020.0
140,139,5/11/2017,King Arthur: Legend of the Sword,/movie/King-Arthur-Legend-of-the-Sword#tab=summary,175000000,39175066,139630336,15371270.0,PG-13,Adventure,3702.0,126.0,2017.0
141,140,12/6/2013,47 Ronin,/movie/47-Ronin#tab=summary,175000000,38362475,151716815,9910310.0,PG-13,Action,2690.0,127.0,2013.0
143,142,5/20/2022,Top Gun: Maverick,/movie/Top-Gun-Maverick-(2020)#tab=summary,170000000,715270567,1478823595,126707459.0,PG-13,Action,4751.0,131.0,2022.0
144,143,6/6/2018,Jurassic World: Fallen Kingdom,/movie/Jurassic-World-Fallen-Kingdom-(2018)#tab=summary,170000000,417719760,1308334005,148024610.0,PG-13,Action,4485.0,128.0,2018.0
145,144,7/31/2014,Guardians of the Galaxy,/movie/Guardians-of-the-Galaxy#tab=summary,170000000,333714112,770882395,94320883.0,PG-13,Action,4088.0,121.0,2014.0
146,145,5/7/2010,Iron Man 2,/movie/Iron-Man-2#tab=summary,170000000,312433331,621156389,128122480.0,PG-13,Action,4390.0,125.0,2010.0
147,146,3/28/2014,Captain America: The Winter Soldier,/movie/Captain-America-The-Winter-Soldier#tab=summary,170000000,259746958,714401889,95023721.0,PG-13,Action,3938.0,135.0,2014.0
148,147,7/9/2014,Dawn of the Planet of the Apes,/movie/Dawn-of-the-Planet-of-the-Apes#tab=summary,170000000,208545589,710644566,72611427.0,PG-13,Adventure,3969.0,130.0,2014.0
149,148,11/10/2004,The Polar Express,/movie/Polar-Express-The#tab=summary,170000000,188578855,312719437,23325035.0,G,Adventure,3650.0,92.0,2004.0
150,149,5/30/2012,Snow White and the Huntsman,/movie/Snow-White-and-the-Huntsman#tab=summary,170000000,155136755,401021746,56217700.0,PG-13,Adventure,3777.0,127.0,2012.0
151,150,7/1/2003,Terminator 3: Rise of the Machines,/movie/Terminator-3-Rise-of-the-Machines#tab=summary,170000000,150358296,433058296,44041440.0,R,Action,3504.0,109.0,2003.0
152,151,5/5/2004,Van Helsing,/movie/Van-Helsing#tab=summary,170000000,120150546,300150546,51748040.0,PG-13,Action,3580.0,132.0,2004.0
153,152,3/27/2019,Dumbo,/movie/Dumbo-(2019)#tab=summary,170000000,114766307,353166307,45990748.0,PG,Adventure,4259.0,130.0,2019.0
154,153,5/29/2019,Godzilla: King of the Monsters,/movie/Godzilla-King-of-the-Monsters-(2019)#tab=summary,170000000,110500138,383299915,47776293.0,PG-13,Action,4108.0,132.0,2019.0
156,155,2/1/2019,Alita: Battle Angel,/movie/Alita-Battle-Angel-(2019)#tab=summary,170000000,85838210,401900040,28525613.0,PG-13,Action,3802.0,122.0,2019.0
157,156,5/20/2016,Alice Through the Looking Glass,/movie/Alice-Through-the-Looking-Glass#tab=summary,170000000,77042381,276928112,26858726.0,PG,Adventure,3763.0,113.0,2016.0
158,157,6/1/2022,Jurassic World: Dominion,/movie/Jurassic-World-Dominion-(2022)#tab=summary,165000000,376009080,1001188755,145075625.0,PG-13,Action,4697.0,146.0,2022.0
159,158,5/21/2010,Shrek Forever After,/movie/Shrek-Forever-After-(2010)#tab=summary,165000000,238736787,756244673,70838207.0,PG,Adventure,4386.0,93.0,2010.0
160,159,10/24/2016,Doctor Strange,/movie/Doctor-Strange-(2016)#tab=summary,165000000,232641920,676354481,85058311.0,PG-13,Action,3882.0,115.0,2016.0
161,160,10/25/2014,Big Hero 6,/movie/Big-Hero-6#tab=summary,165000000,222527828,648415024,56215889.0,PG,Adventure,3773.0,108.0,2014.0
162,161,3/26/2010,How to Train Your Dragon,/movie/How-to-Train-Your-Dragon#tab=summary,165000000,217581232,494870992,43732319.0,PG,Adventure,4060.0,91.0,2010.0
163,162,11/1/2012,Wreck-It Ralph,/movie/Wreck-It-Ralph#tab=summary,165000000,189412677,496511521,49038712.0,PG,Adventure,3752.0,101.0,2012.0
164,163,11/5/2014,Interstellar,/movie/Interstellar#tab=summary,165000000,188017894,649133873,47510360.0,PG-13,Adventure,3561.0,165.0,2014.0
165,164,9/15/2021,Dune,/movie/Dune-(2020)#tab=summary,165000000,108327830,397720527,41011174.0,PG-13,Action,4125.0,156.0,2021.0
166,165,6/22/2016,Independence Day: Resurgence,/movie/Independence-Day-Resurgence#tab=summary,165000000,103144286,384169424,41039944.0,PG-13,Action,4091.0,119.0,2016.0
167,166,7/29/2011,Cowboys and Aliens,/movie/Cowboys-and-Aliens#tab=summary,163000000,100368560,176038324,36431290.0,PG-13,Action,3754.0,118.0,2011.0
168,167,3/16/2017,Beauty and the Beast,/movie/Beauty-and-the-Beast-(2017)#tab=summary,160000000,504014165,1270042058,174750616.0,PG,Musical,4210.0,123.0,2017.0
169,168,6/27/2019,Spider-Man: Far From Home,/movie/Spider-Man-Far-From-Home-(2019)#tab=summary,160000000,390532085,1132532832,92579212.0,PG-13,Action,4634.0,129.0,2019.0
170,169,12/6/2018,Aquaman,/movie/Aquaman-(2018)#tab=summary,160000000,335061807,1143758700,67873522.0,PG-13,Action,4184.0,143.0,2018.0
171,170,5/17/2007,Shrek the Third,/movie/Shrek-the-Third#tab=summary,160000000,322719944,807330936,121629270.0,PG,Adventure,4172.0,92.0,2007.0
172,171,7/16/2010,Inception,/movie/Inception#tab=summary,160000000,292576195,728582465,62785337.0,PG-13,Thriller/Suspense,3792.0,147.0,2010.0
173,172,11/18/2015,The Hunger Games: Mockingjay - Part 2,/movie/Hunger-Games-Mockingjay-Part-2-The#tab=summary,160000000,281723902,648986787,102665981.0,PG-13,Thriller/Suspense,4175.0,136.0,2015.0
174,173,5/17/2013,Fast and Furious 6,/movie/Fast-and-Furious-6#tab=summary,160000000,238679850,789300444,97375245.0,PG-13,Action,3771.0,130.0,2013.0
175,174,5/14/2014,Godzilla,/movie/Godzilla-(2014)#tab=summary,160000000,200676069,529076069,93188384.0,PG-13,Action,3952.0,123.0,2014.0
176,175,6/3/2011,X-Men: First Class,/movie/X-Men-First-Class#tab=summary,160000000,146408305,355408305,55101604.0,PG-13,Action,3692.0,132.0,2011.0
177,176,12/25/2008,The Curious Case of Benjamin Button,/movie/Curious-Case-of-Benjamin-Button-The#tab=summary,160000000,127509326,329631958,26853816.0,PG-13,Drama,2988.0,167.0,2008.0
178,177,7/14/2010,The Sorcerer's Apprentice,/movie/Sorcerers-Apprentice-The#tab=summary,160000000,63150991,217986320,17619622.0,PG,Adventure,3504.0,108.0,2010.0
180,179,5/25/2016,Warcraft,/movie/Warcraft#tab=summary,160000000,47365290,438899824,24166110.0,PG-13,Action,3406.0,123.0,2016.0
182,181,9/29/2016,Deepwater Horizon,/movie/Deepwater-Horizon#tab=summary,156000000,61433527,122359309,20223544.0,PG-13,Thriller/Suspense,3403.0,107.0,2016.0
184,183,3/25/2021,Godzilla vs. Kong,/movie/Godzilla-vs-Kong-(2020)#tab=summary,155000000,100916094,468064628,32200000.0,PG-13,Action,3084.0,113.0,2021.0
185,184,6/24/2015,Terminator: Genisys,/movie/Terminator-Genisys#tab=summary,155000000,89760956,432150894,27018486.0,PG-13,Action,3783.0,126.0,2015.0
186,185,3/16/2018,Pacific Rim: Uprising,/movie/Pacific-Rim-Uprising#tab=summary,155000000,59874525,290930148,28116535.0,PG-13,Action,3708.0,111.0,2018.0
187,186,11/24/2004,Alexander,/movie/Alexander#tab=summary,155000000,34297191,167297191,13687087.0,R,Action,2445.0,175.0,2004.0
188,187,7/14/2017,War for the Planet of the Apes,/movie/War-for-the-Planet-of-the-Apes#tab=summary,152000000,146880162,489592267,56262929.0,PG-13,Action,4100.0,142.0,2017.0
189,188,5/25/2001,Pearl Harbor,/movie/Pearl-Harbor#tab=summary,151500000,198539855,449239853,59078912.0,PG-13,Action,3255.0,182.0,2001.0
190,189,7/2/2007,Transformers,/movie/Transformers#tab=summary,151000000,319246193,708272592,70502384.0,PG-13,Action,4050.0,142.0,2007.0
191,190,11/20/2019,Frozen II,/movie/Frozen-II-(2019)#tab=summary,150000000,477373578,1445182280,130263358.0,PG,Adventure,4440.0,103.0,2019.0
192,191,5/29/2017,Wonder Woman,/movie/Wonder-Woman-(2017)#tab=summary,150000000,412563408,818058221,103251471.0,PG-13,Action,4165.0,141.0,2017.0
193,192,11/22/2013,Frozen,/movie/Frozen-(2013)#tab=summary,150000000,400953009,1261788407,243390.0,PG,Musical,3742.0,102.0,2013.0
194,193,2/10/2016,Zootopia,/movie/Zootopia-(2016)#tab=summary,150000000,341268248,1004629935,75063401.0,PG,Adventure,3959.0,108.0,2016.0
195,194,7/11/2007,Harry Potter and the Order of the Phoenix,/movie/Harry-Potter-and-the-Order-of-the-Phoenix#tab=summary,150000000,292137260,939619849,77108414.0,PG-13,Adventure,4285.0,138.0,2007.0
196,195,11/18/2005,Harry Potter and the Goblet of Fire,/movie/Harry-Potter-and-the-Goblet-of-Fire#tab=summary,150000000,290201752,886746240,102685961.0,PG-13,Adventure,3858.0,150.0,2005.0
197,196,5/15/2003,The Matrix Reloaded,/movie/Matrix-Reloaded-The#tab=summary,150000000,281553689,738576929,91774413.0,R,Action,3603.0,138.0,2003.0
199,198,1/27/2016,Moana,/movie/Moana-(2016)#tab=summary,150000000,248757044,631617146,56631401.0,PG,Musical,3875.0,113.0,2016.0
200,199,7/1/2008,Hancock,/movie/Hancock-(2008)#tab=summary,150000000,227946274,624234272,62603879.0,PG-13,Action,3965.0,92.0,2008.0
201,200,9/1/2021,Shang-Chi and the Legend of the Ten Rings,/movie/Shang-Chi-and-the-Legend-of-the-Ten-Rings-(2021)#tab=summary,150000000,224543292,432243292,75388688.0,PG-13,Action,4300.0,132.0,2021.0
202,201,7/15/2005,Charlie and the Chocolate Factory,/movie/Charlie-and-the-Chocolate-Factory-(2005)#tab=summary,150000000,206459076,475825484,56178450.0,PG,Adventure,3790.0,115.0,2005.0
203,202,6/29/2007,Ratatouille,/movie/Ratatouille#tab=summary,150000000,206445654,626549695,47027395.0,G,Adventure,3940.0,110.0,2007.0
204,203,10/30/2013,Thor: The Dark World,/movie/Thor-The-Dark-World#tab=summary,150000000,206362140,644602516,85737841.0,PG-13,Action,3841.0,111.0,2013.0
205,204,6/15/2005,Batman Begins,/movie/Batman-Begins#tab=summary,150000000,205343774,358858124,48745440.0,PG-13,Action,3858.0,140.0,2005.0
206,205,7/29/2015,Mission: Impossible—Rogue Nation,/movie/Mission-Impossible-Rogue-Nation#tab=summary,150000000,195042377,688858992,55520089.0,PG-13,Action,3988.0,131.0,2015.0
207,206,7/18/2017,Dunkirk,/movie/Dunkirk-(2017)#tab=summary,150000000,190068280,518058826,50513488.0,PG-13,Action,4014.0,107.0,2017.0
208,207,4/29/2011,Thor,/movie/Thor#tab=summary,150000000,181030624,449326618,65723338.0,PG-13,Action,3963.0,113.0,2011.0
209,208,11/7/2008,Madagascar: Escape 2 Africa,/movie/Madagascar-Escape-2-Africa#tab=summary,150000000,180174880,599680774,63106589.0,PG,Adventure,4065.0,89.0,2008.0
210,209,5/1/2009,X-Men Origins: Wolverine,/movie/X-Men-Origins-Wolverine#tab=summary,150000000,179883157,374825760,85058003.0,PG-13,Action,4102.0,107.0,2009.0
211,210,5/22/2009,Night at the Museum: Battle of the Smithsonian,/movie/Night-at-the-Museum-Battle-of-the-Smithsonian#tab=summary,150000000,177243721,402231063,54173286.0,PG,Adventure,4101.0,105.0,2009.0
212,211,5/26/2011,Kung Fu Panda 2,/movie/Kung-Fu-Panda-2#tab=summary,150000000,165249063,664837547,47656302.0,PG,Adventure,3952.0,90.0,2011.0
213,212,5/14/2015,Mad Max: Fury Road,/movie/Mad-Max-Fury-Road#tab=summary,150000000,153636354,367457874,45428128.0,R,Action,3722.0,120.0,2015.0
214,213,5/3/2019,Pokémon: Detective Pikachu,/movie/Pokemon-Detective-Pikachu-(2019)#tab=summary,150000000,144105346,431344168,54365242.0,PG,Adventure,4248.0,104.0,2019.0
215,214,11/5/2003,The Matrix Revolutions,/movie/Matrix-Revolutions-The#tab=summary,150000000,139270910,427300260,48475154.0,R,Action,3502.0,129.0,2003.0
216,215,3/20/2018,Ready Player One,/movie/Ready-Player-One#tab=summary,150000000,137690172,579055653,41769050.0,PG-13,Adventure,4234.0,140.0,2018.0
217,216,11/4/2005,Chicken Little,/movie/Chicken-Little#tab=summary,150000000,135386665,310043823,40049778.0,G,Adventure,3658.0,82.0,2005.0
218,217,5/5/2006,Mission: Impossible III,/movie/Mission-Impossible-III#tab=summary,150000000,133501348,399387745,47743273.0,PG-13,Action,4059.0,126.0,2006.0
219,218,5/15/2009,Angels & Demons,/movie/Angels-and-Demons#tab=summary,150000000,133375846,490875846,46204168.0,PG-13,Thriller/Suspense,3527.0,138.0,2009.0
220,219,5/13/2004,Troy,/movie/Troy#tab=summary,150000000,133298577,483152040,46865412.0,R,Action,3411.0,162.0,2004.0
221,220,7/1/2010,The Last Airbender,/movie/Last-Airbender-The#tab=summary,150000000,131772187,319713881,40325019.0,PG,Adventure,3203.0,103.0,2010.0
222,221,11/2/2007,Bee Movie,/movie/Bee-Movie#tab=summary,150000000,126631277,287594577,38021044.0,PG,Adventure,3984.0,90.0,2007.0
223,222,7/24/2009,G-Force,/movie/G-Force#tab=summary,150000000,119436770,292817841,31706934.0,PG,Adventure,3697.0,87.0,2009.0
224,223,11/21/2008,Bolt,/movie/Bolt#tab=summary,150000000,114053579,328015029,26223128.0,PG,Adventure,3654.0,96.0,2008.0
225,224,11/24/2021,Encanto,/movie/Encanto-(2021)#tab=summary,150000000,96093622,230873149,27206494.0,PG,Adventure,3980.0,109.0,2021.0
226,225,3/28/2012,Wrath of the Titans,/movie/Wrath-of-the-Titans#tab=summary,150000000,83670083,305270083,33457188.0,PG-13,Adventure,3545.0,99.0,2012.0
227,226,11/16/2007,Beowulf,/movie/Beowulf#tab=summary,150000000,82280579,195080579,27515871.0,PG-13,Adventure,3249.0,115.0,2007.0
228,227,5/9/2012,Dark Shadows,/movie/Dark-Shadows#tab=summary,150000000,79727149,238202668,29685274.0,PG-13,Black Comedy,3755.0,112.0,2012.0
229,228,6/28/2013,White House Down,/movie/White-House-Down#tab=summary,150000000,73103784,205440387,24852258.0,PG-13,Thriller/Suspense,3222.0,131.0,2013.0
230,229,7/14/2021,Space Jam: A New Legacy,/movie/Space-Jam-A-New-Legacy#tab=summary,150000000,70592228,144003749,31053362.0,PG,Comedy,4002.0,115.0,2021.0
231,230,2/12/2010,The Wolfman,/movie/Wolfman-The-(2010)#tab=summary,150000000,62189884,142634358,31479235.0,R,Horror,3223.0,102.0,2010.0
232,231,12/15/2016,The Great Wall,/movie/Great-Wall-The#tab=summary,150000000,45157105,334486852,18469620.0,PG-13,Action,3328.0,104.0,2016.0
233,232,9/25/2015,Pan,/movie/Pan-(2015)#tab=summary,150000000,35088320,151525973,15315435.0,PG,Adventure,3515.0,111.0,2015.0
234,233,3/11/2011,Mars Needs Moms,/movie/Mars-Needs-Moms#tab=summary,150000000,21392758,39549758,6914488.0,PG,Adventure,3117.0,88.0,2011.0
235,234,2/3/2022,Moonfall,/movie/Moonfall-(2022)#tab=summary,150000000,19060660,59049032,9868997.0,PG-13,Action,3446.0,124.0,2022.0
238,237,11/3/2006,Flushed Away,/movie/Flushed-Away#tab=summary,149000000,64665672,179357126,18814323.0,PG,Adventure,3707.0,85.0,2006.0
239,238,6/8/2012,Madagascar 3: Europe's Most Wanted,/movie/Madagascar-3#tab=summary,145000000,216391482,746921271,60316738.0,PG,Adventure,4263.0,85.0,2012.0
240,239,12/14/2011,Mission: Impossible—Ghost Protocol,/movie/Mission-Impossible-Ghost-Protocol#tab=summary,145000000,209397903,694713230,12785204.0,PG-13,Action,3555.0,132.0,2011.0
241,240,6/5/2014,How to Train Your Dragon 2,/movie/How-to-Train-Your-Dragon-2-(2014)#tab=summary,145000000,177002924,614586270,49451322.0,PG,Adventure,4268.0,102.0,2014.0
242,241,6/16/1999,Tarzan,/movie/Tarzan#tab=summary,145000000,171091819,448191819,34221968.0,G,Adventure,3131.0,88.0,1999.0
243,242,2/20/2014,Mr. Peabody & Sherman,/movie/Mr-Peabody-and-Sherman#tab=summary,145000000,111506430,269806430,32207057.0,PG,Adventure,3951.0,91.0,2014.0
244,243,11/20/2012,Rise of the Guardians,/movie/Rise-of-the-Guardians#tab=summary,145000000,103412758,306900902,23773465.0,PG,Adventure,3672.0,97.0,2012.0
245,244,4/8/2005,Sahara,/movie/Sahara#tab=summary,145000000,68671925,121645390,18068372.0,PG-13,Adventure,3200.0,124.0,2005.0
246,245,7/13/2016,Ghostbusters,/movie/Ghostbusters-(2016)#tab=summary,144000000,128350574,229008658,46018755.0,PG-13,Comedy,3963.0,117.0,2016.0
247,246,11/22/2002,Die Another Day,/movie/Die-Another-Day#tab=summary,142000000,160942139,431942139,47072040.0,PG-13,Action,3377.0,133.0,2002.0
249,248,5/8/2009,Star Trek,/movie/Star-Trek#tab=summary,140000000,257730019,386839614,79204289.0,PG-13,Adventure,4053.0,125.0,2009.0
250,249,7/1/1998,Armageddon,/movie/Armageddon#tab=summary,140000000,201578182,554600000,36089972.0,PG-13,Adventure,3184.0,150.0,1998.0
251,250,7/3/2002,Men in Black 2,/movie/Men-in-Black-2#tab=summary,140000000,190418803,441767803,52148751.0,PG-13,Action,3641.0,86.0,2002.0
252,251,7/22/2011,Captain America: The First Avenger,/movie/Captain-America-The-First-Avenger#tab=summary,140000000,176654505,370569776,65058524.0,PG-13,Action,3715.0,124.0,2011.0
253,252,1/23/2016,Kung Fu Panda 3,/movie/Kung-Fu-Panda-3#tab=summary,140000000,143528619,521170825,41282042.0,PG,Adventure,3987.0,94.0,2016.0
254,253,7/10/1998,Lethal Weapon 4,/movie/Lethal-Weapon-4#tab=summary,140000000,130444603,285400000,34048124.0,R,Action,3117.0,127.0,1998.0
255,254,3/27/2013,G.I. Joe: Retaliation,/movie/GI-Joe-Retaliation#tab=summary,140000000,122523060,375740705,40501814.0,PG-13,Action,3734.0,110.0,2013.0
256,255,12/5/2003,The Last Samurai,/movie/Last-Samurai-The#tab=summary,140000000,111110575,456810575,24271354.0,R,Action,2938.0,154.0,2003.0
257,256,12/21/2005,Fun With Dick And Jane,/movie/Fun-With-Dick-And-Jane#tab=summary,140000000,110550000,203018919,14383515.0,PG-13,Comedy,3239.0,90.0,2005.0
258,257,12/5/2014,Exodus: Gods and Kings,/movie/Exodus-Gods-and-Kings#tab=summary,140000000,65014513,268314513,24115934.0,PG-13,Drama,3503.0,150.0,2014.0
259,258,6/30/2016,The BFG,/movie/BFG-The-(2016)#tab=summary,140000000,55483770,199646680,18775350.0,PG,Adventure,3392.0,115.0,2016.0
260,259,10/3/2019,Gemini Man,/movie/Gemini-Man-(2019)#tab=summary,140000000,48546770,166623705,20552372.0,PG-13,Action,3642.0,116.0,2019.0
261,260,2/24/2016,Gods of Egypt,/movie/Gods-of-Egypt#tab=summary,140000000,31153464,138836756,14123903.0,PG-13,Adventure,3117.0,127.0,2016.0
263,262,5/3/2002,Spider-Man,/movie/Spider-Man#tab=summary,139000000,403706375,821706375,114844116.0,PG-13,Adventure,3876.0,121.0,2002.0
264,263,3/6/2009,Watchmen,/movie/Watchmen#tab=summary,138000000,107509799,186976250,55214334.0,R,Action,3611.0,161.0,2009.0
265,264,7/29/2005,Stealth,/movie/Stealth#tab=summary,138000000,32116746,76416746,13251545.0,PG-13,Action,3495.0,121.0,2005.0
266,265,6/13/2008,The Incredible Hulk,/movie/Incredible-Hulk-The#tab=summary,137500000,134806913,265573859,55414050.0,PG-13,Adventure,3508.0,112.0,2008.0
267,266,6/20/2003,Hulk,/movie/Hulk#tab=summary,137000000,132177234,245031679,62128420.0,PG-13,Action,3674.0,138.0,2003.0
268,267,7/11/2001,Final Fantasy: The Spirits Within,/movie/Final-Fantasy-The-Spirits-Within#tab=summary,137000000,32131830,85131830,11408853.0,PG-13,Adventure,2649.0,106.0,2001.0
269,268,11/14/2012,"The Twilight Saga: Breaking Dawn, Part 2",/movie/Twilight-Saga-Breaking-Dawn-Part-2-The#tab=summary,136200000,292324737,829724737,141067634.0,PG-13,Drama,4070.0,115.0,2012.0
270,269,3/15/2013,The Croods,/movie/Croods-The#tab=summary,135000000,187168425,573068425,43639736.0,PG,Adventure,4065.0,98.0,2013.0
271,270,12/25/2015,The Revenant,/movie/Revenant-The-(2015)#tab=summary,135000000,183637894,532938302,474560.0,R,Adventure,3711.0,156.0,2015.0
272,271,11/19/1999,The World is Not Enough,/movie/World-is-Not-Enough-The#tab=summary,135000000,126930660,361730660,35519007.0,PG-13,Action,3165.0,128.0,1999.0
273,272,3/4/2011,Rango,/movie/Rango#tab=summary,135000000,123477607,245724600,38079323.0,PG,Adventure,3923.0,107.0,2011.0
274,273,11/14/2003,Master and Commander: The Far Side of the World,/movie/Master-and-Commander-The-Far-Side-of-the-World#tab=summary,135000000,93926386,212912137,25105990.0,PG-13,Adventure,3101.0,139.0,2003.0
275,274,7/17/2013,Turbo,/movie/Turbo#tab=summary,135000000,83028130,286896578,21312625.0,PG,Adventure,3809.0,96.0,2013.0
276,275,6/2/2016,Teenage Mutant Ninja Turtles: Out of the Shadows,/movie/Teenage-Mutant-Ninja-Turtles-Out-of-the-Shadows#tab=summary,135000000,82051601,245328374,35316382.0,PG-13,Adventure,4071.0,112.0,2016.0
277,276,11/18/2011,Happy Feet Two,/movie/Happy-Feet-2#tab=summary,135000000,64006466,157956466,21237068.0,PG,Adventure,3611.0,99.0,2011.0
278,277,7/28/2006,Miami Vice,/movie/Miami-Vice-(2006)#tab=summary,135000000,63478838,164920076,25723815.0,R,Action,3026.0,132.0,2006.0
279,278,10/31/2018,The Nutcracker and the Four Realms,/movie/Nutcracker-and-the-Four-Realms-The-(2018)#tab=summary,132900000,54858851,170024300,20352491.0,PG,Adventure,3766.0,99.0,2018.0
280,279,6/24/2005,War of the Worlds,/movie/War-of-the-Worlds#tab=summary,132000000,234280354,606836535,64878725.0,PG-13,Action,3910.0,116.0,2005.0
281,280,11/26/2014,Penguins of Madagascar,/movie/Penguins-of-Madagascar#tab=summary,132000000,83350911,366942531,25447444.0,PG,Adventure,3775.0,92.0,2014.0
282,281,11/15/2013,The Hunger Games: Catching Fire,/movie/Hunger-Games-Catching-Fire-The#tab=summary,130000000,424668047,864868047,158074286.0,PG-13,Adventure,4163.0,146.0,2013.0
283,282,5/31/2004,Harry Potter and the Prisoner of Azkaban,/movie/Harry-Potter-and-the-Prisoner-of-Azkaban#tab=summary,130000000,249757726,789592708,93687367.0,PG,Adventure,3855.0,141.0,2004.0
284,283,8/3/2007,The Bourne Ultimatum,/movie/Bourne-Ultimatum-The#tab=summary,130000000,227471070,444043396,69283690.0,PG-13,Thriller/Suspense,3701.0,113.0,2007.0
285,284,7/3/2018,Ant-Man and the Wasp,/movie/Ant-Man-and-the-Wasp#tab=summary,130000000,216648740,623144660,75812205.0,PG-13,Action,4206.0,118.0,2018.0
286,285,6/6/2008,Kung Fu Panda,/movie/Kung-Fu-Panda#tab=summary,130000000,215434591,631910531,60239130.0,PG,Adventure,4136.0,91.0,2008.0
287,286,7/14/2015,Ant-Man,/movie/Ant-Man#tab=summary,130000000,180202163,518858449,57225526.0,PG-13,Action,3868.0,117.0,2015.0
288,287,3/19/2015,Home,/movie/Home-(2015)#tab=summary,130000000,177397510,385997896,52107731.0,PG,Adventure,3801.0,94.0,2015.0
289,288,12/19/2018,Mary Poppins Returns,/movie/Mary-Poppins-Returns-(2018)#tab=summary,130000000,171958438,348901032,23523121.0,PG,Musical,4090.0,130.0,2018.0
290,289,10/28/2011,Puss in Boots,/movie/Puss-in-Boots#tab=summary,130000000,149260504,554987477,34077439.0,PG,Adventure,3963.0,90.0,2011.0
291,290,11/5/2010,Megamind,/movie/Megamind#tab=summary,130000000,148415853,321887208,46016833.0,PG,Adventure,3949.0,95.0,2010.0
292,291,7/18/2003,Bad Boys II,/movie/Bad-Boys-II#tab=summary,130000000,138540870,273271982,46522560.0,R,Action,3202.0,140.0,2003.0
293,292,3/20/2014,Rio 2,/movie/Rio-2#tab=summary,130000000,131538435,492846291,39327869.0,G,Adventure,3975.0,101.0,2014.0
294,293,7/23/2010,Salt,/movie/Salt#tab=summary,130000000,118311368,290650494,36011243.0,PG-13,Thriller/Suspense,3612.0,100.0,2010.0
295,294,3/27/2014,Noah,/movie/Noah#tab=summary,130000000,101200044,352831065,43720472.0,PG-13,Drama,3571.0,137.0,2014.0
296,295,10/28/2011,The Adventures of Tintin,/movie/Adventures-of-Tintin-The#tab=summary,130000000,77591831,373993951,9720993.0,PG,Adventure,3087.0,104.0,2011.0
297,296,5/31/2013,After Earth,/movie/After-Earth#tab=summary,130000000,60522097,251499665,27520040.0,PG-13,Action,3401.0,99.0,2013.0
298,297,11/26/2008,Australia,/movie/Australia-(2008)#tab=summary,130000000,49554002,215080810,14800723.0,PG-13,Drama,2721.0,165.0,2008.0
299,298,7/19/2013,R.I.P.D.,/movie/RIPD#tab=summary,130000000,33618855,79076678,12691415.0,PG-13,Action,2852.0,98.0,2013.0
300,299,1/3/2019,How to Train Your Dragon: The Hidden World,/movie/How-to-Train-Your-Dragon-The-Hidden-World-(2019)#tab=summary,129000000,160799505,521214533,55022245.0,PG,Adventure,4286.0,104.0,2019.0
301,300,11/18/2011,"The Twilight Saga: Breaking Dawn, Part 1",/movie/Twilight-Saga-Breaking-Dawn-Part-1-The#tab=summary,127500000,281287133,688288353,138122261.0,PG-13,Drama,4066.0,117.0,2011.0
302,301,5/19/2000,Dinosaur,/movie/Dinosaur#tab=summary,127500000,137748063,356148063,38854851.0,PG,Adventure,3319.0,82.0,2000.0
303,302,2/23/2017,Logan,/movie/Logan-(2017)#tab=summary,127000000,226277068,614202315,88411916.0,R,Action,4071.0,135.0,2017.0
304,303,12/18/2014,Night at the Museum: Secret of the Tomb,/movie/Night-at-the-Museum-Secret-of-the-Tomb#tab=summary,127000000,113746621,353756621,17100520.0,PG,Adventure,3914.0,97.0,2014.0
305,304,7/13/2011,Harry Potter and the Deathly Hallows: Part II,/movie/Harry-Potter-and-the-Deathly-Hallows-Part-II#tab=summary,125000000,381193157,1316355322,169189427.0,PG-13,Adventure,4375.0,131.0,2011.0
306,305,11/19/2014,The Hunger Games: Mockingjay - Part 1,/movie/Hunger-Games-Mockingjay-Part-1-The#tab=summary,125000000,337135885,766575131,121897634.0,PG-13,Thriller/Suspense,4151.0,123.0,2014.0
307,306,11/15/2001,Harry Potter and the Sorcerer’s Stone,/movie/Harry-Potter-and-the-Sorcerers-Stone#tab=summary,125000000,317871467,965054122,90294621.0,PG,Adventure,3672.0,152.0,2001.0
308,307,12/4/2019,Jumanji: The Next Level,/movie/Jumanji-The-Next-Level#tab=summary,125000000,316831246,798332900,59251543.0,PG-13,Adventure,4227.0,123.0,2019.0
309,308,11/17/2010,Harry Potter and the Deathly Hallows: Part I,/movie/Harry-Potter-and-the-Deathly-Hallows-Part-I#tab=summary,125000000,296131568,951767705,125017372.0,PG-13,Adventure,4125.0,146.0,2010.0
310,309,5/19/2006,The Da Vinci Code,/movie/Da-Vinci-Code-The#tab=summary,125000000,217536138,767820459,77073388.0,PG-13,Thriller/Suspense,3757.0,152.0,2006.0
311,310,4/30/2003,X-Men 2,/movie/X-Men-2-(2003)#tab=summary,125000000,214949694,406348630,85558731.0,PG-13,Action,3749.0,135.0,2003.0
312,311,4/21/2011,Fast Five,/movie/Fast-Five#tab=summary,125000000,210031325,630163454,86198765.0,PG-13,Action,3793.0,130.0,2011.0
313,312,8/8/2014,Teenage Mutant Ninja Turtles,/movie/Teenage-Mutant-Ninja-Turtles-(2014)#tab=summary,125000000,191204754,485004754,65575105.0,PG-13,Adventure,3980.0,101.0,2014.0
314,313,12/16/2011,Sherlock Holmes: A Game of Shadows,/movie/Sherlock-Holmes-A-Game-of-Shadows-(2011)#tab=summary,125000000,186848418,535663443,39637079.0,PG-13,Action,3703.0,129.0,2011.0
315,314,5/27/2004,The Day After Tomorrow,/movie/Day-After-Tomorrow-The#tab=summary,125000000,186740799,555840117,68743584.0,PG-13,Adventure,3444.0,123.0,2004.0
316,315,3/17/2017,The Boss Baby,/movie/Boss-Baby-The#tab=summary,125000000,175003033,527965936,50198902.0,PG,Adventure,3829.0,97.0,2017.0
317,316,4/1/2010,Clash of the Titans,/movie/Clash-of-the-Titans-(2010)#tab=summary,125000000,163214888,493214888,61235105.0,PG-13,Action,3802.0,106.0,2010.0
318,317,10/12/2016,Trolls,/movie/Trolls#tab=summary,125000000,153707064,343242613,46581142.0,PG,Adventure,4066.0,93.0,2016.0
319,318,5/19/1998,Godzilla,/movie/Godzilla#tab=summary,125000000,136314294,376000000,93188384.0,PG-13,Action,3952.0,123.0,1998.0
320,319,5/30/2012,Prometheus,/movie/Prometheus#tab=summary,125000000,126477084,402448265,51050101.0,R,Thriller/Suspense,3442.0,124.0,2012.0
321,320,8/10/2012,The Bourne Legacy,/movie/Bourne-Legacy-The#tab=summary,125000000,113203870,280355920,38142825.0,PG-13,Thriller/Suspense,3753.0,135.0,2012.0
322,321,6/20/1997,Batman & Robin,/movie/Batman-and-Robin#tab=summary,125000000,107325195,238317814,42872605.0,PG-13,Action,2942.0,125.0,1997.0
323,322,7/5/2018,Skyscraper,/movie/Skyscraper#tab=summary,125000000,68420120,304868961,24905015.0,PG,Action,3822.0,103.0,2018.0
324,323,1/3/2020,The Call of the Wild,/movie/Call-of-the-Wild-The-(2020)#tab=summary,125000000,62342368,107360936,24791624.0,PG,Adventure,3914.0,100.0,2020.0
325,324,8/3/2012,Total Recall,/movie/Total-Recall-(Remake)#tab=summary,125000000,58877969,211856088,25577758.0,PG-13,Action,3601.0,117.0,2012.0
326,325,12/21/2016,Assassin’s Creed,/movie/Assassins-Creed#tab=summary,125000000,54647948,240759682,10278225.0,PG-13,Action,2996.0,116.0,2016.0
327,326,12/29/2016,Monster Trucks,/movie/Monster-Trucks#tab=summary,125000000,33370166,61642798,10950705.0,PG-13,Adventure,3119.0,104.0,2016.0
328,327,8/27/1999,The 13th Warrior,/movie/13th-Warrior-The#tab=summary,125000000,32698899,61698899,10267756.0,R,Action,2313.0,103.0,1999.0
329,328,11/17/2000,How the Grinch Stole Christmas,/movie/How-the-Grinch-Stole-Christmas-(2000)#tab=summary,123000000,260348825,345445403,55820330.0,PG,Adventure,3256.0,105.0,2000.0
330,329,5/24/2000,Mission: Impossible 2,/movie/Mission-Impossible-2#tab=summary,120000000,215409889,549588516,57845297.0,PG-13,Action,3669.0,126.0,2000.0
331,330,6/30/2000,The Perfect Storm,/movie/Perfect-Storm-The#tab=summary,120000000,182618434,328711434,41325042.0,PG-13,Drama,3407.0,129.0,2000.0
332,331,7/20/2016,Jason Bourne,/movie/Jason-Bourne#tab=summary,120000000,162192920,416168316,59215365.0,PG-13,Action,4039.0,123.0,2016.0
333,332,2/10/2022,Uncharted,/movie/Uncharted-(2022)#tab=summary,120000000,148648820,401748820,44010155.0,PG-13,Adventure,4275.0,116.0,2022.0
334,333,6/15/2007,Fantastic Four: Rise of the Silver Surfer,/movie/Fantastic-Four-Rise-of-the-Silver-Surfer#tab=summary,120000000,131921738,289480691,58051684.0,PG,Action,3963.0,91.0,2007.0
335,334,11/21/2012,Life of Pi,/movie/Life-of-Pi#tab=summary,120000000,124987022,619310368,22451514.0,PG,Drama,2946.0,125.0,2012.0
336,335,2/16/2007,Ghost Rider,/movie/Ghost-Rider#tab=summary,120000000,115802596,229545589,45388836.0,PG-13,Action,3620.0,110.0,2007.0
337,336,4/9/2018,Rampage,/movie/Rampage-(2018)#tab=summary,120000000,101028233,427947217,35753093.0,PG-13,Action,4115.0,107.0,2018.0
338,337,6/27/2003,Charlie's Angels: Full Throttle,/movie/Charlies-Angels-Full-Throttle#tab=summary,120000000,100814328,227163273,37634221.0,PG-13,Action,3485.0,106.0,2003.0
339,338,8/9/2013,Elysium,/movie/Elysium#tab=summary,120000000,93050117,286192091,29807393.0,R,Action,3284.0,109.0,2013.0
340,339,4/19/2013,Oblivion,/movie/Oblivion-(2013)#tab=summary,120000000,89107235,287916633,37054485.0,PG-13,Thriller/Suspense,3792.0,125.0,2013.0
341,340,3/24/2017,Power Rangers,/movie/Power-Rangers-(2017)#tab=summary,120000000,85364450,142531552,40300288.0,PG-13,Action,3693.0,124.0,2017.0
342,341,7/19/2002,Stuart Little 2,/movie/Stuart-Little-2#tab=summary,120000000,64956806,166000000,15115152.0,PG,Adventure,3282.0,77.0,2002.0
343,342,2/12/2014,RoboCop,/movie/RoboCop-(2013)#tab=summary,120000000,58607007,242981799,21681430.0,PG-13,Action,3372.0,116.0,2014.0
344,343,6/11/2004,The Chronicles of Riddick,/movie/Chronicles-of-Riddick-The#tab=summary,120000000,57712751,107212751,24289165.0,PG-13,Adventure,2759.0,119.0,2004.0
346,345,5/9/2008,Speed Racer,/movie/Speed-Racer#tab=summary,120000000,43945766,93394462,18561337.0,PG,Action,3606.0,135.0,2008.0
347,346,7/22/2005,The Island,/movie/Island-The-(2005)#tab=summary,120000000,35818913,163018913,12409070.0,PG-13,Action,3138.0,136.0,2005.0
348,347,12/17/2010,How Do You Know?,/movie/How-Do-You-Know#tab=summary,120000000,30212620,49628177,7484696.0,R,Romantic Comedy,2483.0,121.0,2010.0
351,350,6/23/2010,Knight and Day,/movie/Knight-and-Day#tab=summary,117000000,76423035,258751370,20139985.0,PG-13,Action,3104.0,109.0,2010.0
353,352,10/2/2018,Venom,/movie/Venom-(2018)#tab=summary,116000000,213511408,856081053,80255756.0,PG-13,Action,4250.0,112.0,2018.0
354,353,5/19/1999,Star Wars Ep. I: The Phantom Menace,/movie/Star-Wars-Ep-I-The-Phantom-Menace#tab=summary,115000000,474544677,1027044677,64810970.0,PG,Adventure,3126.0,133.0,1999.0
355,354,5/19/2005,Star Wars Ep. III: Revenge of the Sith,/movie/Star-Wars-Ep-III-Revenge-of-the-Sith#tab=summary,115000000,380270577,848998877,108435841.0,PG-13,Adventure,3663.0,139.0,2005.0
356,355,5/16/2002,Star Wars Ep. II: Attack of the Clones,/movie/Star-Wars-Ep-II-Attack-of-the-Clones#tab=summary,115000000,310676740,656695615,80027814.0,PG,Adventure,3161.0,143.0,2002.0
357,356,11/2/2001,"Monsters, Inc.",/movie/Monsters-Inc#tab=summary,115000000,290149425,560483719,62577067.0,G,Adventure,3649.0,92.0,2001.0
358,357,7/26/2013,The Wolverine,/movie/Wolverine-The#tab=summary,115000000,132556852,416456852,53113752.0,PG-13,Action,3924.0,126.0,2013.0
359,358,2/7/1997,Dante’s Peak,/movie/Dantes-Peak-(1997)#tab=summary,115000000,67163857,178200000,18479435.0,PG-13,Thriller/Suspense,2761.0,109.0,1997.0
360,359,4/6/2016,The Huntsman: Winter’s War,/movie/Huntsman-Winters-War-The#tab=summary,115000000,48003015,165149302,19445035.0,PG-13,Action,3802.0,113.0,2016.0
361,360,6/14/2002,Windtalkers,/movie/Windtalkers#tab=summary,115000000,40914068,77628265,14520412.0,R,Action,2898.0,134.0,2002.0
364,363,12/24/2010,Gulliver's Travels,/movie/Gullivers-Travels-(2010)#tab=summary,112000000,42779261,232017848,6307691.0,PG,Adventure,3089.0,87.0,2010.0
365,364,12/8/2017,Ferdinand,/movie/Ferdinand#tab=summary,111000000,84410380,288510892,13401586.0,PG,Adventure,3630.0,107.0,2017.0
366,365,5/11/2018,Deadpool 2,/movie/Deadpool-2#tab=summary,110000000,324591735,786362370,125507153.0,R,Action,4349.0,119.0,2018.0
367,366,10/3/2013,Gravity,/movie/Gravity#tab=summary,110000000,274092705,688214291,55785112.0,PG-13,Thriller/Suspense,3820.0,91.0,2013.0
368,367,12/22/2006,Night at the Museum,/movie/Night-at-the-Museum#tab=summary,110000000,250863268,579446407,30433781.0,PG,Adventure,3768.0,108.0,2006.0
369,368,9/30/2021,Venom: Let There be Carnage,/movie/Venom-Let-There-be-Carnage#tab=summary,110000000,213550366,501600379,90033210.0,PG-13,Action,4225.0,97.0,2021.0
370,369,6/10/2005,Mr. and Mrs. Smith,/movie/Mr-and-Mrs-Smith#tab=summary,110000000,186336279,486124090,50342878.0,PG-13,Action,3451.0,120.0,2005.0
371,370,5/27/2015,San Andreas,/movie/San-Andreas#tab=summary,110000000,155190832,456258539,54588173.0,PG-13,Adventure,3812.0,114.0,2015.0
372,371,7/29/2011,The Smurfs,/movie/Smurfs-The#tab=summary,110000000,142614158,563749323,35611637.0,PG,Adventure,3427.0,103.0,2011.0
373,372,6/27/2007,Live Free or Die Hard,/movie/Live-Free-or-Die-Hard#tab=summary,110000000,134529403,382288147,33369559.0,PG-13,Action,3411.0,129.0,2007.0
374,373,3/18/2015,The Divergent Series: Insurgent,/movie/Divergent-Series-Insurgent-The#tab=summary,110000000,130179072,295075882,52263680.0,PG-13,Action,3875.0,118.0,2015.0
375,374,12/10/2004,Ocean's Twelve,/movie/Oceans-Twelve#tab=summary,110000000,125531634,362989076,39153380.0,PG-13,Adventure,3290.0,125.0,2004.0
376,375,12/19/1997,Tomorrow Never Dies,/movie/Tomorrow-Never-Dies#tab=summary,110000000,125304276,339504276,25143007.0,PG-13,Action,2807.0,119.0,1997.0
377,376,6/28/2000,The Patriot,/movie/Patriot-The-(2000)#tab=summary,110000000,113330342,215300000,22413710.0,R,Drama,3061.0,164.0,2000.0
378,377,3/7/2014,300: Rise of an Empire,/movie/300-Rise-of-an-Empire#tab=summary,110000000,106580051,330780051,45038460.0,R,Action,3490.0,102.0,2014.0
379,378,12/17/2004,The Aviator,/movie/Aviator-The-(2004)#tab=summary,110000000,102608827,208370892,858021.0,PG-13,Drama,2530.0,170.0,2004.0
380,379,12/21/2016,Passengers,/movie/Passengers-(2015)#tab=summary,110000000,100014699,302239672,14869736.0,PG-13,Thriller/Suspense,3478.0,116.0,2016.0
381,380,1/14/2011,The Green Hornet,/movie/Green-Hornet-The#tab=summary,110000000,98780042,229155503,33526876.0,PG-13,Action,3584.0,118.0,2011.0
382,381,9/21/2016,Miss Peregrine’s Home for Peculiar Children,/movie/Miss-Peregrines-Home-for-Peculiar-Children#tab=summary,110000000,87242834,295986876,28871140.0,PG-13,Adventure,3835.0,126.0,2016.0
383,382,10/7/2011,Real Steel,/movie/Real-Steel#tab=summary,110000000,85463309,263880341,27319677.0,PG-13,Action,3440.0,126.0,2011.0
384,383,6/12/2019,Men in Black: International,/movie/Men-in-Black-International-(2019)#tab=summary,110000000,80001807,253020464,30035838.0,PG-13,Adventure,4224.0,118.0,2019.0
385,384,6/11/2010,The A-Team,/movie/A-Team-The#tab=summary,110000000,77222099,177241171,25669455.0,PG-13,Action,3544.0,118.0,2010.0
386,385,7/31/2013,The Smurfs 2,/movie/Smurfs-2-The#tab=summary,110000000,71017784,348547523,17548389.0,PG,Adventure,3867.0,104.0,2013.0
387,386,3/9/2016,The Divergent Series: Allegiant,/movie/Divergent-Series-Allegiant-The#tab=summary,110000000,66184051,172022517,29027348.0,PG-13,Action,3740.0,120.0,2016.0
388,387,6/12/2009,The Taking of Pelham 123,/movie/Taking-of-Pelham-123-The#tab=summary,110000000,65452312,152364370,23373102.0,R,Action,3077.0,106.0,2009.0
389,388,10/25/2013,Ender's Game,/movie/Enders-Game#tab=summary,110000000,61737191,127983283,27017351.0,PG-13,Adventure,3407.0,114.0,2013.0
390,389,4/2/2004,Home on the Range,/movie/Home-on-the-Range#tab=summary,110000000,50026353,76482461,13880771.0,PG,Adventure,3058.0,76.0,2004.0
391,390,6/13/1997,Speed 2: Cruise Control,/movie/Speed-2-Cruise-Control#tab=summary,110000000,48097081,150468000,16158942.0,PG-13,Action,2625.0,125.0,1997.0
392,391,5/6/2005,Kingdom of Heaven,/movie/Kingdom-of-Heaven#tab=summary,110000000,47398413,218674938,19635996.0,R,Action,3219.0,148.0,2005.0
393,392,3/23/2017,Ghost in the Shell,/movie/Ghost-in-the-Shell#tab=summary,110000000,40563557,167910690,18676033.0,PG-13,Action,3440.0,100.0,2017.0
394,393,6/16/2004,Around the World in 80 Days,/movie/Around-the-World-in-80-Days-(2004)#tab=summary,110000000,24004159,72004159,7576132.0,PG,Adventure,2801.0,120.0,2004.0
395,394,11/21/2003,Dr. Seuss’ The Cat in the Hat,/movie/Dr-Seuss-The-Cat-in-the-Hat-(2003)#tab=summary,109000000,101018283,133818283,38329160.0,PG,Adventure,3467.0,82.0,2003.0
396,395,12/25/2001,Ali,/movie/Ali-(2001)#tab=summary,109000000,58183966,87683966,14710892.0,R,Drama,2521.0,158.0,2001.0
397,396,9/30/2015,The Martian,/movie/Martian-The#tab=summary,108000000,228433663,653609107,54308575.0,PG-13,Thriller/Suspense,3854.0,130.0,2015.0
398,397,11/20/2016,Allied,/movie/Allied#tab=summary,106000000,40098064,119266661,12701743.0,R,Drama,3160.0,124.0,2016.0
399,398,7/16/2004,"I, Robot",/movie/I-Robot#tab=summary,105000000,144801023,348629585,52179887.0,PG-13,Action,3494.0,115.0,2004.0
400,399,12/17/1999,Stuart Little,/movie/Stuart-Little#tab=summary,105000000,140015224,298815224,15018223.0,PG,Adventure,3151.0,92.0,1999.0
401,400,11/25/2009,The Princess and the Frog,/movie/Princess-and-the-Frog-The#tab=summary,105000000,104400899,270997378,786190.0,G,Adventure,3475.0,97.0,2009.0
403,402,7/1/2016,Ice Age: Collision Course,/movie/Ice-Age-Collision-Course#tab=summary,105000000,64063008,402156682,21373064.0,PG,Adventure,3997.0,100.0,2016.0
404,403,11/7/1997,Starship Troopers,/movie/Starship-Troopers#tab=summary,105000000,54768952,121100000,22058773.0,R,Action,2971.0,129.0,1997.0
406,405,9/19/2017,Kingsman: The Golden Circle,/movie/Kingsman-The-Golden-Circle#tab=summary,104000000,100234838,408803696,39023010.0,R,Action,4038.0,141.0,2017.0
407,406,6/9/2000,Gone in 60 Seconds,/movie/Gone-in-60-Seconds#tab=summary,103300000,101643008,232643008,25336048.0,PG-13,Action,3089.0,117.0,2000.0
408,407,5/4/2000,Gladiator,/movie/Gladiator-(2000)#tab=summary,103000000,187683805,456435588,34819017.0,R,Action,3188.0,154.0,2000.0
409,408,5/23/2013,The Hangover 3,/movie/Hangover-3-The#tab=summary,103000000,112200072,362000072,41671198.0,R,Comedy,3565.0,100.0,2013.0
410,409,3/9/2018,A Wrinkle in Time,/movie/Wrinkle-in-Time-A-(2018)#tab=summary,103000000,100478608,133214549,33123609.0,PG,Adventure,3980.0,120.0,2018.0
411,410,7/1/2009,Public Enemies,/movie/Public-Enemies-(2009)#tab=summary,102500000,97104620,212282709,25271675.0,R,Drama,3336.0,140.0,2009.0
412,411,11/17/2006,Casino Royale,/movie/Casino-Royale-(2006)#tab=summary,102000000,167365000,594420283,40833156.0,PG-13,Action,3443.0,144.0,2006.0
413,412,6/21/2002,Minority Report,/movie/Minority-Report#tab=summary,102000000,132024714,358824714,35677125.0,PG-13,Action,3001.0,144.0,2002.0
414,413,12/13/2018,Bumblebee,/movie/Bumblebee#tab=summary,102000000,127195589,465195589,21654047.0,PG-13,Adventure,3597.0,114.0,2018.0
415,414,10/26/2012,Cloud Atlas,/movie/Cloud-Atlas#tab=summary,102000000,27108272,130673154,9612247.0,R,Drama,2023.0,172.0,2012.0
416,415,11/15/2002,Harry Potter and the Chamber of Secrets,/movie/Harry-Potter-and-the-Chamber-of-Secrets#tab=summary,100000000,262233381,875262553,88357488.0,PG,Adventure,3682.0,161.0,2002.0
417,416,7/2/1991,Terminator 2: Judgment Day,/movie/Terminator-2-Judgment-Day#tab=summary,100000000,203464105,515376182,31765506.0,R,Action,2495.0,136.0,1991.0
418,417,6/16/1995,Batman Forever,/movie/Batman-Forever-(1995)#tab=summary,100000000,184031112,336529144,52784433.0,PG-13,Action,2893.0,122.0,1995.0
419,418,7/27/2001,Planet of the Apes,/movie/Planet-of-the-Apes-(2001)#tab=summary,100000000,180011740,362211740,68532960.0,PG-13,Adventure,3530.0,120.0,2001.0
420,419,11/19/2004,National Treasure,/movie/National-Treasure#tab=summary,100000000,173005002,331323410,35142554.0,PG,Adventure,3243.0,130.0,2004.0
421,420,12/25/2012,Django Unchained,/movie/Django-Unchained#tab=summary,100000000,162805434,449841566,30122888.0,R,Western,3012.0,165.0,2012.0
422,421,12/25/2019,1917,/movie/1917-(2019)#tab=summary,100000000,159227644,370603379,576216.0,R,Thriller/Suspense,3987.0,119.0,2019.0
423,422,12/22/2010,Little Fockers,/movie/Little-Fockers#tab=summary,100000000,148438600,310650574,30833665.0,PG-13,Comedy,3675.0,98.0,2010.0
424,423,7/15/1994,True Lies,/movie/True-Lies#tab=summary,100000000,146282411,365300000,25869770.0,R,Action,2561.0,141.0,1994.0
425,424,11/2/2007,American Gangster,/movie/American-Gangster-(2007)#tab=summary,100000000,130164645,267985456,43565135.0,R,Drama,3111.0,157.0,2007.0
426,425,9/18/2009,Cloudy with a Chance of Meatballs,/movie/Cloudy-with-a-Chance-of-Meatballs#tab=summary,100000000,124870275,236827677,30304648.0,PG,Adventure,3119.0,90.0,2009.0
427,426,8/6/2010,The Other Guys,/movie/Other-Guys-The-(2010)#tab=summary,100000000,119219978,170936470,35543162.0,PG-13,Comedy,3651.0,97.0,2010.0
428,427,12/17/2004,Lemony Snicket's A Series of Unfortunate Events,/movie/Lemony-Snickets-A-Series-of-Unfortunate-Events#tab=summary,100000000,118627117,212956024,30061756.0,PG,Adventure,3623.0,107.0,2004.0
429,428,12/25/2013,The Wolf of Wall Street,/movie/Wolf-of-Wall-Street-The#tab=summary,100000000,116949183,389918903,18410067.0,R,Black Comedy,2557.0,165.0,2013.0
430,429,5/24/2013,Epic,/movie/Epic#tab=summary,100000000,107518682,262794441,33531068.0,PG,Adventure,3894.0,103.0,2013.0
431,430,6/21/1996,Eraser,/movie/Eraser#tab=summary,100000000,101295562,234400000,24566446.0,R,Action,2556.0,114.0,1996.0
433,432,12/15/2000,The Emperor's New Groove,/movie/Emperors-New-Groove-The#tab=summary,100000000,89630573,169630573,9812302.0,G,Adventure,2887.0,78.0,2000.0
434,433,8/15/2012,The Expendables 2,/movie/Expendables-2-The#tab=summary,100000000,85028192,311979256,28591370.0,R,Action,3355.0,103.0,2012.0
435,434,10/16/2009,Where the Wild Things Are,/movie/Where-the-Wild-Things-Are#tab=summary,100000000,77233467,99123656,32695407.0,PG,Adventure,3735.0,100.0,2009.0
436,435,12/15/2006,Eragon,/movie/Eragon#tab=summary,100000000,75030163,249488115,23239907.0,PG,Adventure,3030.0,104.0,2006.0
437,436,7/23/2014,Hercules,/movie/Hercules-(2014)#tab=summary,100000000,72688614,243388614,29800263.0,PG-13,Adventure,3595.0,97.0,2014.0
438,437,12/10/2010,The Tourist,/movie/Tourist-The#tab=summary,100000000,67631157,278731369,16472458.0,PG-13,Thriller/Suspense,2756.0,102.0,2010.0
439,438,11/24/1999,End of Days,/movie/End-of-Days#tab=summary,100000000,66889043,212026975,20523595.0,R,Action,2665.0,120.0,1999.0
440,439,12/25/2019,Spies in Disguise,/movie/Spies-in-Disguise-(2019)#tab=summary,100000000,66757013,165138481,13354798.0,PG,Adventure,3502.0,104.0,2019.0
441,440,6/11/2004,The Stepford Wives,/movie/Stepford-Wives-The-(2004)#tab=summary,100000000,59475623,96150482,21406781.0,PG-13,Black Comedy,3057.0,93.0,2004.0
442,441,6/8/2007,Surf’s Up,/movie/Surfs-Up-(2007)#tab=summary,100000000,58867694,145395745,17640249.0,PG,Adventure,3531.0,85.0,2007.0
443,442,12/8/2006,Blood Diamond,/movie/Blood-Diamond#tab=summary,100000000,57377916,171377916,8648324.0,R,Action,1920.0,143.0,2006.0
444,443,11/7/2019,Midway,/movie/Midway-(2019)#tab=summary,100000000,56846802,126829063,17897419.0,PG-13,Action,3242.0,138.0,2019.0
445,444,9/24/2010,Legend of the Guardians: The Owls of Ga'Hoole,/movie/Legend-of-the-Guardians-The-Owls-of-GaHoole#tab=summary,100000000,55675313,139716717,16112211.0,PG,Adventure,3575.0,90.0,2010.0
446,445,6/5/2009,Land of the Lost,/movie/Land-of-the-Lost#tab=summary,100000000,49438370,69548641,18837350.0,PG-13,Comedy,3534.0,102.0,2009.0
447,446,12/18/2003,Peter Pan,/movie/Peter-Pan-(2003)#tab=summary,100000000,48417850,95255485,11139495.0,PG,Adventure,2813.0,113.0,2003.0
448,447,3/15/2019,Wonder Park,/movie/Wonder-Park-(2019)#tab=summary,100000000,45216793,115112118,15853646.0,PG,Adventure,3838.0,93.0,2019.0
449,448,7/23/2004,Catwoman,/movie/Catwoman#tab=summary,100000000,40202379,82078046,16728411.0,PG-13,Action,3117.0,101.0,2004.0
450,449,8/14/2014,The Expendables 3,/movie/Expendables-3-The#tab=summary,100000000,39322544,209461378,15879645.0,PG-13,Action,3221.0,103.0,2014.0
451,450,12/8/2021,West Side Story,/movie/West-Side-Story-(2020)#tab=summary,100000000,38530322,75011257,10574618.0,PG-13,Musical,2820.0,156.0,2021.0
452,451,11/27/2002,Treasure Planet,/movie/Treasure-Planet#tab=summary,100000000,38120554,91800000,12083248.0,PG,Adventure,3227.0,95.0,2002.0
453,452,12/22/2021,The King’s Man,/movie/Kings-Man-The-(2020)#tab=summary,100000000,37176373,121125300,5915542.0,R,Action,3180.0,131.0,2021.0
454,453,3/12/2010,Green Zone,/movie/Green-Zone#tab=summary,100000000,35497337,97523020,14309295.0,R,Drama,3004.0,114.0,2010.0
455,454,10/13/2017,Geostorm,/movie/Geostorm#tab=summary,100000000,33700160,220796009,13707376.0,PG-13,Thriller/Suspense,3246.0,109.0,2017.0
456,455,12/2/2015,Point Break,/movie/Point-Break-(Remake)#tab=summary,100000000,28782481,126704591,9800252.0,PG-13,Action,2910.0,113.0,2015.0
457,456,12/17/2019,Cats,/movie/Cats-(2019)#tab=summary,100000000,27166770,75558925,6619870.0,PG,Musical,3380.0,110.0,2019.0
458,457,11/26/2015,In the Heart of the Sea,/movie/In-the-Heart-of-the-Sea#tab=summary,100000000,25020758,89693309,11053366.0,PG-13,Adventure,3103.0,121.0,2015.0
459,458,4/18/2014,Transcendence,/movie/Transcendence#tab=summary,100000000,23022309,103039258,10886386.0,PG-13,Thriller/Suspense,3455.0,119.0,2014.0
460,459,2/18/2005,Son of the Mask,/movie/Son-of-the-Mask#tab=summary,100000000,17018422,59918422,7511675.0,PG,Adventure,2966.0,94.0,2005.0
461,460,12/5/2018,Mortal Engines,/movie/Mortal-Engines-(2018)#tab=summary,100000000,15951040,85480271,7559850.0,PG-13,Action,3103.0,128.0,2018.0
462,461,2/3/2021,Chaos Walking,/movie/Chaos-Walking#tab=summary,100000000,13287908,27075660,3775350.0,PG-13,Action,2132.0,108.0,2021.0
463,462,10/13/2021,The Last Duel,/movie/Last-Duel-The#tab=summary,100000000,10853945,30055233,4759151.0,R,Drama,3065.0,153.0,2021.0
468,467,11/5/2015,The Peanuts Movie,/movie/Peanuts-Movie-The#tab=summary,99000000,130178411,250091610,44213073.0,G,Adventure,3902.0,89.0,2015.0
469,468,2/6/2019,The LEGO Movie 2: The Second Part,/movie/Lego-Movie-2-The-Second-Part-The-(2019)#tab=summary,99000000,105806508,190131036,34115335.0,PG,Adventure,4303.0,107.0,2019.0
470,469,11/21/2018,Robin Hood,/movie/Robin-Hood-(2018)#tab=summary,99000000,30824628,85210012,36063385.0,PG-13,Action,3505.0,139.0,2018.0
471,470,5/4/2001,The Mummy Returns,/movie/Mummy-Returns-The#tab=summary,98000000,202007640,435040395,68139035.0,PG-13,Adventure,3553.0,129.0,2001.0
472,471,11/14/2019,Ford v. Ferrari,/movie/Ford-v-Ferrari-(2019)#tab=summary,97600000,117624357,224418748,31474958.0,PG-13,Drama,3746.0,152.0,2019.0
473,472,12/20/2002,Gangs of New York,/movie/Gangs-of-New-York#tab=summary,97000000,77730500,183124621,9496870.0,R,Drama,2340.0,155.0,2002.0
474,473,5/4/2017,Alien: Covenant,/movie/Alien-Covenant#tab=summary,97000000,74262031,238521247,36160621.0,R,Horror,3772.0,123.0,2017.0
475,474,3/6/2015,Cinderella,/movie/Cinderella-(2015)#tab=summary,95000000,201151353,542351353,67877361.0,PG,Drama,3848.0,105.0,2015.0
476,475,6/27/2012,Ice Age: Continental Drift,/movie/Ice-Age-Continental-Drift#tab=summary,95000000,161321843,879765137,46629259.0,PG,Adventure,3886.0,87.0,2012.0
477,476,12/28/2001,Black Hawk Down,/movie/Black-Hawk-Down#tab=summary,95000000,108638745,159691085,179823.0,R,Action,3143.0,144.0,2001.0
478,477,5/27/2010,Sex and the City 2,/movie/Sex-and-the-City-2#tab=summary,95000000,95347692,294680778,31001870.0,R,Comedy,3445.0,146.0,2010.0
479,478,2/12/2010,Percy Jackson & the Olympians: The Lightning Thief,/movie/Percy-Jackson-and-the-Lightning-Thief#tab=summary,95000000,88768303,223050874,31236067.0,PG,Adventure,3396.0,119.0,2010.0
480,479,8/10/2012,The Campaign,/movie/Campaign-The#tab=summary,95000000,86907746,104907746,26588460.0,R,Comedy,3302.0,85.0,2012.0
481,480,11/12/2010,Unstoppable,/movie/Unstoppable#tab=summary,95000000,81562942,165720921,22688457.0,PG-13,Action,3261.0,98.0,2010.0
482,481,5/9/1997,The Fifth Element,/movie/Fifth-Element-The#tab=summary,95000000,63570862,263893838,17031345.0,PG-13,Action,2500.0,126.0,1997.0
483,482,3/31/2000,The Road to El Dorado,/movie/Road-to-El-Dorado-The#tab=summary,95000000,50802661,65700000,12846652.0,PG,Adventure,3223.0,89.0,2000.0
484,483,12/11/2009,The Lovely Bones,/movie/Lovely-Bones-The#tab=summary,95000000,44114232,94894448,116616.0,PG-13,Drama,2638.0,135.0,2009.0
485,484,6/30/2016,Ben-Hur,/movie/Ben-Hur-(2016)#tab=summary,95000000,26410477,91669648,11203815.0,PG-13,Adventure,3084.0,123.0,2016.0
486,485,12/19/2014,Seventh Son,/movie/Seventh-Son#tab=summary,95000000,17725785,108874967,7217640.0,PG-13,Adventure,2875.0,102.0,2014.0
487,486,5/30/2003,Finding Nemo,/movie/Finding-Nemo#tab=summary,94000000,380529370,936094852,70251710.0,G,Adventure,3425.0,100.0,2003.0
488,487,12/17/2003,The Lord of the Rings: The Return of the King,/movie/Lord-of-the-Rings-The-Return-of-the-King-The#tab=summary,94000000,377845905,1120214046,72629713.0,PG-13,Adventure,3703.0,201.0,2003.0
489,488,12/18/2002,The Lord of the Rings: The Two Towers,/movie/Lord-of-the-Rings-The-Two-Towers-The#tab=summary,94000000,342548984,919148764,62007528.0,PG-13,Adventure,3622.0,179.0,2002.0
490,489,6/15/2001,Lara Croft: Tomb Raider,/movie/Lara-Croft-Tomb-Raider#tab=summary,94000000,131144183,273330185,47735743.0,PG-13,Adventure,3349.0,100.0,2001.0
491,490,1/29/2015,Kingsman: The Secret Service,/movie/Kingsman-The-Secret-Service#tab=summary,94000000,128261724,404561724,36206331.0,R,Action,3282.0,129.0,2015.0
492,491,12/19/2001,The Lord of the Rings: The Fellowship of the Ring,/movie/Lord-of-the-Rings-The-Fellowship-of-the-Ring-The#tab=summary,93000000,315544750,891216824,47211490.0,PG-13,Adventure,3381.0,179.0,2001.0
493,492,7/18/2001,Jurassic Park III,/movie/Jurassic-Park-3#tab=summary,93000000,181166115,365900000,50771645.0,PG-13,Action,3470.0,93.0,2001.0
494,493,8/5/2011,Rise of the Planet of the Apes,/movie/Rise-of-the-Planet-of-the-Apes#tab=summary,93000000,176760185,470986200,54806191.0,PG-13,Adventure,3691.0,120.0,2011.0
495,494,2/14/2008,The Spiderwick Chronicles,/movie/Spiderwick-Chronicles-The#tab=summary,92500000,71195053,162839667,19004058.0,PG,Adventure,3847.0,96.0,2008.0
496,495,10/22/2004,The Incredibles,/movie/Incredibles-The#tab=summary,92000000,261441092,631441092,70467623.0,PG,Adventure,3933.0,115.0,2004.0
497,496,2/6/2013,A Good Day to Die Hard,/movie/Die-Hard-5#tab=summary,92000000,67349198,304249198,24834845.0,R,Action,3555.0,98.0,2013.0
498,497,4/9/2004,The Alamo,/movie/Alamo-The-(2004)#tab=summary,92000000,22406362,23911362,9124701.0,PG-13,Western,2609.0,137.0,2004.0
500,499,12/19/2013,The Secret Life of Walter Mitty,/movie/Secret-Life-of-Walter-Mitty-The-(2012)#tab=summary,91000000,58236838,187861183,12765508.0,PG,Adventure,2922.0,114.0,2013.0
